[
  {
    "id": "689659b54d803a6cb815ebba",
    "profile_text": "John Doe is a professional applying for the position of Primary Teacher. Their specialization is in a teaching role. Preferred work locations are: . Fluent in: English. Has handled responsibilities such as: ."
  },
  {
    "id": "689659b54d803a6cb815ebbd",
    "profile_text": "Emma Williams is a professional applying for the position of Lab Technician. Their specialization is in a nonTeaching role."
  },
  {
    "id": "689c5e0707379f4bcd159db8",
    "profile_text": "Chhayansh Porwal is a professional applying for the position of Primary Teacher. Their specialization is in a teaching role."
  }
]